Goals,Assists,Formation,Shots,Shots On Target,Saves,Penalties won,Penalties scored,Crosses,Fouls,Offsides,Corners,Yellow Card,Red Cards,Balls touched,Passes,Interceptions,Blocks,Catches,Tackles,Possession,date_match,contests,home_team,home_score,away_score,away_team,liverpool_score,at_anfield,season,rest_days
0,0,4-3-3,16,2,4,0,0,17,12,4,3,4,1,635,378,22,13,3,13,62%,2012-08-18,English Premier League,West Bromwich Albion FC,3,0,Liverpool,D,False,2012 - 2013,6
2,1,4-3-3,14,4,1,0,0,21,10,0,4,1,0,511,268,38,7,1,3,44%,2012-08-26,English Premier League,Liverpool,2,2,Manchester City,N,True,2012 - 2013,3
0,0,4-3-3,17,5,3,0,0,21,12,3,10,2,0,732,439,25,5,0,21,56%,2012-09-02,English Premier League,Liverpool,0,2,Arsenal FC,D,True,2012 - 2013,3
1,0,4-2-3-1,23,6,0,0,0,38,11,1,7,2,0,858,525,70,4,0,11,65%,2012-09-15,English Premier League,AFC Sunderland,1,1,Liverpool,N,False,2012 - 2013,13
1,0,4-3-3,12,5,1,0,0,23,14,0,7,1,1,541,299,14,1,1,11,54%,2012-09-23,English Premier League,Liverpool,1,2,Manchester United,D,True,2012 - 2013,3
5,2,4-4-1-1,15,5,2,0,0,15,6,5,5,0,0,830,587,30,2,0,2,67%,2012-09-29,English Premier League,Norwich City,2,5,Liverpool,V,False,2012 - 2013,3
0,0,4-3-3,17,3,2,0,0,25,9,0,5,0,0,598,468,37,12,0,2,67%,2012-10-07,English Premier League,Liverpool,0,0,Stoke City FC,N,True,2012 - 2013,3
1,1,4-3-3,26,8,3,0,0,17,13,3,6,1,0,566,308,34,2,1,13,60%,2012-10-20,English Premier League,Liverpool,1,0,Reading FC,V,True,2012 - 2013,13
2,1,4-4-2,12,3,1,0,0,12,18,3,5,3,0,399,144,18,5,0,13,43%,2012-10-28,English Premier League,Everton FC,2,2,Liverpool,N,False,2012 - 2013,3
1,1,4-2-3-1,21,6,2,0,0,33,12,0,14,0,0,786,414,73,5,1,10,66%,2012-11-04,English Premier League,Liverpool,1,1,Newcastle United FC,N,True,2012 - 2013,4
1,1,3-5-2,9,2,2,0,0,8,13,7,7,3,0,557,318,33,3,0,0,50%,2012-11-11,English Premier League,Chelsea,1,1,Liverpool,N,False,2012 - 2013,3
3,2,3-4-3,23,7,2,0,0,23,9,1,10,0,0,657,343,73,1,1,7,51%,2012-11-17,English Premier League,Liverpool,3,0,Wigan Athletic,V,True,2012 - 2013,6
0,0,4-2-3-1,21,10,2,0,0,23,10,3,6,0,0,756,416,121,6,1,6,55%,2012-11-25,English Premier League,Swansea City,0,0,Liverpool,N,False,2012 - 2013,3
1,0,4-3-3,15,5,4,0,0,29,18,1,12,2,0,842,472,92,2,3,17,61%,2012-11-28,English Premier League,Tottenham Hotspur,2,1,Liverpool,D,False,2012 - 2013,3
1,1,4-3-3,24,8,2,0,0,62,15,3,10,2,0,863,470,135,5,1,11,58%,2012-12-01,English Premier League,Liverpool,1,0,FC Southampton,V,True,2012 - 2013,3
3,3,4-3-3,14,5,4,0,0,24,12,1,5,2,0,766,396,54,7,3,6,58%,2012-12-09,English Premier League,West Ham United,2,3,Liverpool,V,False,2012 - 2013,3
1,1,4-3-3,28,11,3,0,0,53,5,3,7,1,0,828,467,68,0,1,10,73%,2012-12-15,English Premier League,Liverpool,1,3,Aston Villa,D,True,2012 - 2013,6
4,4,4-2-3-1,20,8,3,0,0,19,13,3,8,1,0,668,436,25,4,1,2,58%,2012-12-22,English Premier League,Liverpool,4,0,Fulham FC,V,True,2012 - 2013,7
1,0,4-2-3-1,15,4,3,1,1,25,6,3,8,1,0,611,334,29,5,0,0,59%,2012-12-26,English Premier League,Stoke City FC,3,1,Liverpool,D,False,2012 - 2013,4
3,2,4-2-3-1,18,8,6,0,0,50,9,1,9,1,0,766,490,21,3,5,13,61%,2012-12-30,English Premier League,Queens Park Rangers,0,3,Liverpool,V,False,2012 - 2013,4
3,3,4-3-3,27,12,2,0,0,23,9,7,9,0,0,752,491,20,10,0,13,60%,2013-01-02,English Premier League,Liverpool,3,0,AFC Sunderland,V,True,2012 - 2013,3
1,0,4-1-4-1,12,3,4,0,0,18,15,1,1,4,0,661,409,13,8,1,15,55%,2013-01-13,English Premier League,Manchester United,2,1,Liverpool,D,False,2012 - 2013,7
5,3,4-3-3,18,10,2,0,0,28,10,2,9,1,0,785,582,7,2,1,2,64%,2013-01-19,English Premier League,Liverpool,5,0,Norwich City,V,True,2012 - 2013,6
2,1,4-3-3,11,6,5,0,0,14,11,3,6,1,0,561,286,39,8,1,4,39%,2013-01-30,English Premier League,Arsenal FC,2,2,Liverpool,N,False,2012 - 2013,3
2,1,4-2-3-1,18,6,1,0,0,20,8,2,10,4,0,607,347,20,3,0,3,53%,2013-02-03,English Premier League,Manchester City,2,2,Liverpool,N,False,2012 - 2013,4
0,0,4-2-3-1,25,7,1,1,0,32,10,5,13,1,0,819,427,130,1,0,5,58%,2013-02-11,English Premier League,Liverpool,0,2,West Bromwich Albion FC,D,True,2012 - 2013,8
5,3,4-2-3-1,33,18,3,2,2,11,6,1,10,0,0,641,390,49,5,0,0,55%,2013-02-17,English Premier League,Liverpool,5,0,Swansea City,V,True,2012 - 2013,3
4,3,4-2-3-1,8,7,10,0,0,3,15,4,3,2,0,543,304,46,4,1,2,41%,2013-03-02,English Premier League,Wigan Athletic,0,4,Liverpool,V,False,2012 - 2013,9
3,1,4-2-3-1,11,5,6,1,1,9,9,6,1,1,0,442,215,29,6,1,1,41%,2013-03-10,English Premier League,Liverpool,3,2,Tottenham Hotspur,V,True,2012 - 2013,8
1,0,4-2-3-1,8,6,8,0,0,9,10,6,5,1,0,683,348,78,6,3,0,55%,2013-03-16,English Premier League,FC Southampton,3,1,Liverpool,D,False,2012 - 2013,6
2,1,4-2-3-1,17,13,3,1,1,7,9,6,8,1,0,737,438,88,1,2,0,55%,2013-03-31,English Premier League,Aston Villa,1,2,Liverpool,V,False,2012 - 2013,15
0,0,4-3-3,19,12,4,0,0,6,8,4,12,0,0,630,388,4,0,0,1,55%,2013-04-07,English Premier League,Liverpool,0,0,West Ham United,N,True,2012 - 2013,7
0,0,4-3-3,26,15,5,0,0,0,9,6,9,1,0,847,395,154,4,1,10,67%,2013-04-13,English Premier League,Reading FC,0,0,Liverpool,N,False,2012 - 2013,6
2,2,4-2-3-1,23,12,5,0,0,12,9,1,8,5,0,541,328,6,3,1,1,55%,2013-04-21,English Premier League,Liverpool,2,2,Chelsea,N,True,2012 - 2013,8
6,5,4-2-3-1,11,10,1,0,0,0,7,5,7,2,0,719,402,95,3,0,0,48%,2013-04-27,English Premier League,Newcastle United FC,0,6,Liverpool,V,False,2012 - 2013,6
0,0,4-2-3-1,16,8,4,0,0,19,10,3,3,1,0,598,255,47,13,1,4,44%,2013-05-05,English Premier League,Liverpool,0,0,Everton FC,N,True,2012 - 2013,8
3,3,3-5-2,19,13,4,0,0,11,10,2,8,1,0,762,475,69,4,2,12,53%,2013-05-12,English Premier League,Fulham FC,1,3,Liverpool,V,False,2012 - 2013,7
1,1,4-4-2,27,20,0,0,0,0,7,2,14,1,0,798,514,39,5,0,5,69%,2013-05-19,English Premier League,Liverpool,1,0,Queens Park Rangers,V,True,2012 - 2013,7
1,1,4-3-3,26,12,7,0,0,9,11,2,12,1,0,651,389,18,6,1,2,53%,2013-08-17,English Premier League,Liverpool,1,0,Stoke City FC,V,True,2013 - 2014,7
1,1,4-2-3-1,5,1,3,0,0,7,8,2,2,3,0,595,340,54,3,1,3,52%,2013-08-24,English Premier League,Aston Villa,0,1,Liverpool,V,False,2013 - 2014,7
1,1,4-4-2,9,5,4,0,0,5,15,1,2,2,0,514,206,32,13,3,13,40%,2013-09-01,English Premier League,Liverpool,1,0,Manchester United,V,True,2013 - 2014,5
2,0,4-2-3-1,12,5,7,0,0,11,10,2,7,3,0,668,339,83,5,4,9,53%,2013-09-16,English Premier League,Swansea City,2,2,Liverpool,N,False,2013 - 2014,15
0,0,4-2-3-1,10,5,6,0,0,15,6,3,6,0,0,637,316,70,1,2,3,49%,2013-09-21,English Premier League,Liverpool,0,1,FC Southampton,D,True,2013 - 2014,5
3,3,3-4-3,15,6,4,0,0,24,10,1,8,1,0,630,345,16,16,0,13,54%,2013-09-29,English Premier League,AFC Sunderland,1,3,Liverpool,V,False,2013 - 2014,4
3,1,3-4-1-2,13,7,1,1,1,30,11,5,10,2,0,917,574,94,8,0,12,61%,2013-10-05,English Premier League,Liverpool,3,1,Crystal Palace FC,V,True,2013 - 2014,6
2,1,3-4-1-2,23,7,2,1,1,14,10,2,13,3,0,819,508,76,6,0,13,60%,2013-10-19,English Premier League,Newcastle United FC,2,2,Liverpool,N,False,2013 - 2014,14
4,3,4-4-2,18,7,2,0,0,13,14,1,3,0,0,683,361,38,10,1,11,57%,2013-10-26,English Premier League,Liverpool,4,1,West Bromwich Albion FC,V,True,2013 - 2014,7
0,0,3-4-1-2,12,4,5,0,0,25,7,4,5,1,0,708,338,70,13,2,6,45%,2013-11-02,English Premier League,Arsenal FC,2,0,Liverpool,D,False,2013 - 2014,7
4,3,4-2-3-1,32,10,1,0,0,20,13,4,9,0,0,961,675,62,8,1,5,63%,2013-11-09,English Premier League,Liverpool,4,0,Fulham FC,V,True,2013 - 2014,7
3,1,4-2-3-1,11,5,9,0,0,11,15,4,7,3,0,490,218,64,1,1,0,46%,2013-11-23,English Premier League,Everton FC,3,3,Liverpool,N,False,2013 - 2014,14
1,0,4-3-3,9,4,2,0,0,1,16,0,6,0,0,586,369,7,2,1,0,57%,2013-12-01,English Premier League,Hull City,3,1,Liverpool,D,False,2013 - 2014,8
5,3,4-2-3-1,28,12,4,0,0,16,10,2,4,3,0,818,503,65,4,3,4,64%,2013-12-04,English Premier League,Liverpool,5,1,Norwich City,V,True,2013 - 2014,3
4,3,4-2-3-1,32,9,1,0,0,22,9,2,8,0,0,854,485,86,18,0,1,64%,2013-12-07,English Premier League,Liverpool,4,1,West Ham United,V,True,2013 - 2014,3
5,4,4-2-3-1,20,10,0,0,0,15,15,4,9,0,0,606,377,11,16,0,7,52%,2013-12-15,English Premier League,Tottenham Hotspur,0,5,Liverpool,V,False,2013 - 2014,8
3,3,4-2-3-1,27,7,2,0,0,19,11,2,9,2,0,784,494,74,7,1,1,63%,2013-12-21,English Premier League,Liverpool,3,1,Cardiff City,V,True,2013 - 2014,6
1,1,4-3-3,12,5,4,0,0,20,9,3,6,3,0,639,371,31,13,3,7,46%,2013-12-26,English Premier League,Manchester City,2,1,Liverpool,D,False,2013 - 2014,5
1,0,4-3-3,8,4,3,0,0,12,17,1,2,1,0,622,290,85,1,0,2,54%,2013-12-29,English Premier League,Chelsea,2,1,Liverpool,D,False,2013 - 2014,3
2,1,4-2-3-1,17,6,0,0,0,10,15,1,3,1,0,789,370,84,8,0,4,60%,2014-01-01,English Premier League,Liverpool,2,0,Hull City,V,True,2013 - 2014,3
5,1,4-2-3-1,13,9,1,1,1,14,8,0,2,1,0,549,285,20,7,0,4,54%,2014-01-12,English Premier League,Stoke City FC,3,5,Liverpool,V,False,2013 - 2014,7
2,1,4-4-2,14,6,1,1,1,12,14,3,2,1,0,716,363,85,5,0,14,60%,2014-01-18,English Premier League,Liverpool,2,2,Aston Villa,N,True,2013 - 2014,6
4,3,4-4-2,20,9,4,1,0,5,11,1,5,0,0,654,279,103,29,1,9,47%,2014-01-28,English Premier League,Liverpool,4,0,Everton FC,V,True,2013 - 2014,3
1,1,4-2-3-1,12,3,3,0,0,11,15,2,4,2,0,794,365,126,18,1,4,60%,2014-02-02,English Premier League,West Bromwich Albion FC,1,1,Liverpool,N,False,2013 - 2014,5
5,4,4-2-3-1,22,12,5,0,0,16,14,4,6,1,0,514,243,79,2,4,1,42%,2014-02-08,English Premier League,Liverpool,5,1,Arsenal FC,V,True,2013 - 2014,6
3,2,4-3-3,21,7,2,1,1,31,9,0,5,3,0,930,573,98,2,1,1,66%,2014-02-12,English Premier League,Fulham FC,2,3,Liverpool,V,False,2013 - 2014,4
4,3,4-2-3-1,21,10,2,0,0,12,9,2,3,1,0,642,410,22,5,0,12,61%,2014-02-23,English Premier League,Liverpool,4,3,Swansea City,V,True,2013 - 2014,7
3,1,4-2-3-1,12,5,2,1,1,10,6,1,6,2,0,678,318,94,6,1,9,50%,2014-03-01,English Premier League,FC Southampton,0,3,Liverpool,V,False,2013 - 2014,6
3,1,4-3-3,17,7,1,3,2,14,12,1,4,4,0,539,247,9,2,0,2,51%,2014-03-16,English Premier League,Manchester United,0,3,Liverpool,V,False,2013 - 2014,15
6,6,4-4-2,19,9,0,0,0,17,11,1,6,3,0,642,433,53,0,0,1,63%,2014-03-22,English Premier League,Cardiff City,3,6,Liverpool,V,False,2013 - 2014,6
2,1,4-4-2,21,7,3,0,0,14,5,2,3,0,0,682,322,21,8,2,1,56%,2014-03-26,English Premier League,Liverpool,2,1,AFC Sunderland,V,True,2013 - 2014,4
4,1,4-2-3-1,11,5,4,0,0,25,9,2,5,0,0,669,425,51,4,2,3,56%,2014-03-30,English Premier League,Liverpool,4,0,Tottenham Hotspur,V,True,2013 - 2014,4
2,0,4-2-3-1,17,8,0,2,2,11,9,0,4,0,0,684,446,21,8,0,5,59%,2014-04-06,English Premier League,West Ham United,1,2,Liverpool,V,False,2013 - 2014,7
3,2,4-2-3-1,10,4,4,0,0,11,7,5,7,1,1,630,336,63,17,1,12,44%,2014-04-13,English Premier League,Liverpool,3,2,Manchester City,V,True,2013 - 2014,7
3,2,4-3-3,14,6,3,0,0,7,10,1,3,2,0,835,483,81,9,1,14,70%,2014-04-20,English Premier League,Norwich City,2,3,Liverpool,V,False,2013 - 2014,7
0,0,4-2-3-1,26,8,2,0,0,30,9,1,14,0,0,919,540,99,5,0,12,72%,2014-04-27,English Premier League,Liverpool,0,2,Chelsea,D,True,2013 - 2014,7
3,3,4-1-3-2,26,9,3,0,0,24,12,3,7,3,0,875,556,81,4,1,12,61%,2014-05-05,English Premier League,Crystal Palace FC,3,3,Liverpool,N,False,2013 - 2014,8
2,2,4-4-2,13,5,2,0,0,19,8,3,6,1,0,885,596,104,4,1,7,64%,2014-05-11,English Premier League,Liverpool,2,1,Newcastle United FC,V,True,2013 - 2014,6
2,2,4-3-3,12,5,5,0,0,12,8,2,2,1,0,770,452,51,4,3,5,58%,2014-08-17,English Premier League,Liverpool,2,1,FC Southampton,V,True,2014 - 2015,7
1,0,4-3-3,11,3,1,0,0,16,7,1,7,1,0,709,446,92,2,1,6,46%,2014-08-25,English Premier League,Manchester City,3,1,Liverpool,D,False,2014 - 2015,8
3,1,4-4-2,17,8,1,1,1,8,11,1,3,4,0,516,243,56,1,0,6,39%,2014-08-31,English Premier League,Tottenham Hotspur,0,3,Liverpool,V,False,2014 - 2015,6
0,0,4-2-3-1,18,1,0,0,0,22,9,3,7,2,0,898,618,45,0,0,12,65%,2014-09-13,English Premier League,Liverpool,0,1,Aston Villa,D,True,2014 - 2015,13
2,1,4-1-3-2,21,9,1,1,1,15,22,3,3,0,0,812,479,29,17,0,25,61%,2014-09-16,UEFA Champions League,Liverpool,2,1,Ludogorets Razgrad,V,True,2014 - 2015,3
1,0,4-3-3,11,5,4,0,0,17,11,0,5,1,0,733,393,87,5,2,12,57%,2014-09-20,English Premier League,West Ham United,3,1,Liverpool,D,False,2014 - 2015,4
1,0,4-3-3,24,8,4,0,0,20,8,2,8,2,0,693,365,86,5,3,10,46%,2014-09-27,English Premier League,Liverpool,1,1,Everton FC,N,True,2014 - 2015,7
0,0,4-3-3,15,5,4,0,0,22,10,7,4,3,0,579,268,89,2,2,7,46%,2014-10-01,UEFA Champions League,FC Basel 1893,1,0,Liverpool,D,False,2014 - 2015,4
2,2,4-2-3-1,19,7,3,0,0,21,12,3,5,2,0,545,223,39,8,2,6,42%,2014-10-04,English Premier League,Liverpool,2,1,West Bromwich Albion FC,V,True,2014 - 2015,3
3,1,4-2-3-1,15,5,4,0,0,9,15,2,2,3,0,784,376,109,7,0,12,52%,2014-10-19,English Premier League,Queens Park Rangers,2,3,Liverpool,V,False,2014 - 2015,15
0,0,4-3-3,13,2,4,0,0,10,6,7,9,0,0,785,495,82,4,2,4,46%,2014-10-22,UEFA Champions League,Liverpool,0,3,Real Madrid CF,D,True,2014 - 2015,3
0,0,4-3-3,18,4,3,0,0,29,12,1,14,3,0,747,441,24,5,2,22,62%,2014-10-25,English Premier League,Liverpool,0,0,Hull City,N,True,2014 - 2015,3
0,0,4-3-3,6,3,1,0,0,18,8,7,2,3,0,813,483,77,9,0,10,60%,2014-11-01,English Premier League,Newcastle United FC,1,0,Liverpool,D,False,2014 - 2015,4
0,0,4-2-3-1,4,1,8,0,0,8,12,4,1,2,0,665,396,76,15,0,8,39%,2014-11-04,UEFA Champions League,Real Madrid CF,1,0,Liverpool,D,False,2014 - 2015,3
1,1,4-2-3-1,12,4,3,0,0,26,9,6,5,2,0,775,432,81,9,2,10,54%,2014-11-08,English Premier League,Liverpool,1,2,Chelsea,D,True,2014 - 2015,4
1,1,4-2-3-1,12,1,2,0,0,18,10,1,3,2,0,762,469,64,6,1,5,58%,2014-11-23,English Premier League,Crystal Palace FC,3,1,Liverpool,D,False,2014 - 2015,15
2,1,4-3-1-2,8,5,3,0,0,14,21,1,2,0,0,618,364,59,9,2,3,47%,2014-11-26,UEFA Champions League,Ludogorets Razgrad,2,2,Liverpool,N,False,2014 - 2015,3
1,0,4-2-3-1,16,3,4,0,0,24,11,0,5,0,0,752,369,95,9,1,6,45%,2014-11-29,English Premier League,Liverpool,1,0,Stoke City FC,V,True,2014 - 2015,3
3,1,4-4-2,11,3,3,0,0,14,10,6,4,2,0,697,352,77,14,2,5,52%,2014-12-02,English Premier League,Leicester City,1,3,Liverpool,V,False,2014 - 2015,3
0,0,4-2-3-1,15,2,1,0,0,27,12,1,5,1,0,725,375,93,6,0,14,54%,2014-12-06,English Premier League,Liverpool,0,0,AFC Sunderland,N,True,2014 - 2015,4
1,0,4-3-3,16,5,3,0,0,17,12,2,4,3,1,777,453,86,5,0,5,56%,2014-12-09,UEFA Champions League,Liverpool,1,1,FC Basel 1893,N,True,2014 - 2015,3
0,0,3-5-2,19,8,3,0,0,10,14,2,7,3,0,680,349,92,2,1,5,48%,2014-12-14,English Premier League,Manchester United,3,0,Liverpool,D,False,2014 - 2015,5
2,2,3-4-3,27,10,1,0,0,10,6,0,10,0,1,925,518,115,6,0,8,56%,2014-12-21,English Premier League,Liverpool,2,2,Arsenal FC,N,True,2014 - 2015,4
1,1,3-4-3,10,3,0,0,0,13,5,4,2,1,0,798,395,105,10,0,1,55%,2014-12-26,English Premier League,Burnley FC,0,1,Liverpool,V,False,2014 - 2015,5
4,2,3-4-3,21,11,3,0,0,9,8,2,6,1,0,678,405,66,3,2,6,47%,2014-12-29,English Premier League,Liverpool,4,1,Swansea City,V,True,2014 - 2015,3
2,0,3-4-1-2,18,6,1,2,2,12,13,2,4,2,0,669,362,64,9,0,9,51%,2015-01-01,English Premier League,Liverpool,2,2,Leicester City,N,True,2014 - 2015,3
1,1,3-4-3,21,4,1,0,0,14,11,0,6,4,0,697,430,64,7,1,14,55%,2015-01-10,English Premier League,AFC Sunderland,0,1,Liverpool,V,False,2014 - 2015,5
2,2,3-4-3,12,5,4,0,0,16,11,5,5,1,0,730,374,85,4,1,9,56%,2015-01-17,English Premier League,Aston Villa,0,2,Liverpool,V,False,2014 - 2015,7
2,2,3-4-3,21,7,2,0,0,12,12,1,5,1,0,805,435,88,7,2,13,61%,2015-01-31,English Premier League,Liverpool,2,0,West Ham United,V,True,2014 - 2015,4
0,0,3-4-2-1,17,6,1,0,0,7,7,2,6,1,0,762,452,61,0,0,10,54%,2015-02-07,English Premier League,Everton FC,0,0,Liverpool,N,False,2014 - 2015,3
3,2,3-4-2-1,16,7,3,1,1,13,13,1,5,3,0,1216,294,73,9,1,7,49%,2015-02-10,English Premier League,Liverpool,3,2,Tottenham Hotspur,V,True,2014 - 2015,3
2,1,3-4-2-1,6,4,5,0,0,6,14,2,1,3,0,1292,272,78,4,2,20,44%,2015-02-22,English Premier League,FC Southampton,0,2,Liverpool,V,False,2014 - 2015,3
2,2,3-4-2-1,11,5,0,0,0,11,8,3,3,1,0,1444,366,95,5,0,12,49%,2015-03-01,English Premier League,Liverpool,2,1,Manchester City,V,True,2014 - 2015,7
2,1,3-4-3,20,8,1,0,0,9,8,0,6,0,0,1834,554,38,14,1,19,60%,2015-03-04,English Premier League,Liverpool,2,0,Burnley FC,V,True,2014 - 2015,3
1,0,3-4-2-1,16,5,3,0,0,15,16,0,5,3,0,1632,478,92,3,1,14,52%,2015-03-16,English Premier League,Swansea City,0,1,Liverpool,V,False,2014 - 2015,8
1,0,3-4-3,7,1,2,0,0,5,14,0,2,2,1,1266,295,60,10,1,13,43%,2015-03-22,English Premier League,Liverpool,1,2,Manchester United,D,True,2014 - 2015,6
1,0,3-5-2,13,2,6,1,1,11,9,3,5,0,1,1502,389,96,5,3,9,50%,2015-04-04,English Premier League,Arsenal FC,4,1,Liverpool,D,False,2014 - 2015,13
2,1,4-3-3,14,6,3,0,0,17,8,3,6,2,0,1498,427,52,4,2,23,57%,2015-04-13,English Premier League,Liverpool,2,0,Newcastle United FC,V,True,2014 - 2015,5
0,0,3-4-3,22,5,4,0,0,23,11,1,4,0,0,2929,566,139,2,2,4,67%,2015-04-25,English Premier League,West Bromwich Albion FC,0,0,Liverpool,N,False,2014 - 2015,6
0,0,4-4-2,12,9,3,0,0,14,10,0,7,0,0,1648,513,84,6,1,9,63%,2015-04-28,English Premier League,Hull City,1,0,Liverpool,D,False,2014 - 2015,3
2,2,4-3-3,25,8,1,1,0,18,9,3,9,2,0,1446,348,113,9,1,5,58%,2015-05-02,English Premier League,Liverpool,2,1,Queens Park Rangers,V,True,2014 - 2015,4
1,1,4-3-3,15,4,2,0,0,22,11,3,4,3,0,1430,391,84,14,0,16,52%,2015-05-10,English Premier League,Chelsea,1,1,Liverpool,N,False,2014 - 2015,8
1,0,3-4-3,18,3,3,0,0,22,10,1,4,2,0,1550,480,63,3,0,5,60%,2015-05-16,English Premier League,Liverpool,1,3,Crystal Palace FC,D,True,2014 - 2015,6
1,1,3-4-1-2,13,4,3,0,0,9,4,1,9,2,0,4369,398,75,2,0,4,53%,2015-05-24,English Premier League,Stoke City FC,6,1,Liverpool,D,False,2014 - 2015,8
1,1,4-2-3-1,8,3,1,0,0,21,16,2,5,4,0,776,382,100,5,1,35,53%,2015-08-09,English Premier League,Stoke City FC,0,1,Liverpool,V,False,2015 - 2016,7
1,1,4-2-3-1,18,2,2,0,0,10,11,1,6,1,0,783,405,90,4,2,57,55%,2015-08-17,English Premier League,Liverpool,1,0,AFC Bournemouth,V,True,2015 - 2016,8
0,0,4-2-3-1,15,8,5,0,0,16,13,4,8,4,0,635,253,60,22,3,26,42%,2015-08-24,English Premier League,Arsenal FC,0,0,Liverpool,N,False,2015 - 2016,7
0,0,4-3-3,13,1,2,0,0,12,17,1,5,3,1,708,442,17,7,0,15,58%,2015-08-29,English Premier League,Liverpool,0,3,West Ham United,D,True,2015 - 2016,5
1,0,4-4-2,8,4,0,0,0,9,11,2,4,2,0,642,333,23,8,0,33,45%,2015-09-12,English Premier League,Manchester United,3,1,Liverpool,D,False,2015 - 2016,14
1,1,3-5-2,22,7,1,0,0,18,4,3,6,1,0,776,469,32,3,0,8,56%,2015-09-20,English Premier League,Liverpool,1,1,Norwich City,N,True,2015 - 2016,3
3,3,3-4-1-2,21,12,2,0,0,23,8,3,11,0,0,761,489,12,3,1,25,58%,2015-09-26,English Premier League,Liverpool,3,2,Aston Villa,V,True,2015 - 2016,6
1,1,3-4-1-2,13,4,3,0,0,18,19,0,11,3,0,620,303,33,7,0,42,51%,2015-10-04,English Premier League,Everton FC,1,1,Liverpool,N,False,2015 - 2016,3
0,0,4-2-3-1,12,3,4,0,0,9,11,5,6,2,0,726,317,18,5,0,43,52%,2015-10-17,English Premier League,Tottenham Hotspur,0,0,Liverpool,N,False,2015 - 2016,13
1,1,4-2-3-1,15,2,2,0,0,15,8,4,10,1,0,801,483,8,10,1,23,57%,2015-10-25,English Premier League,Liverpool,1,1,FC Southampton,N,True,2015 - 2016,3
3,3,4-2-3-1,16,7,1,0,0,12,21,2,7,4,0,736,437,7,6,0,31,54%,2015-10-31,English Premier League,Chelsea,1,3,Liverpool,V,False,2015 - 2016,3
1,1,4-2-3-1,22,4,2,0,0,27,7,1,14,1,0,698,389,1,2,0,25,58%,2015-11-08,English Premier League,Liverpool,1,2,Crystal Palace FC,D,True,2015 - 2016,3
4,2,4-2-3-1,14,9,2,0,0,13,13,5,5,3,0,610,256,5,5,0,62,45%,2015-11-21,English Premier League,Manchester City,1,4,Liverpool,V,False,2015 - 2016,13
1,0,4-2-3-1,10,2,0,1,1,22,12,0,8,3,0,744,445,1,7,0,30,53%,2015-11-29,English Premier League,Liverpool,1,0,Swansea City,V,True,2015 - 2016,3
0,0,4-2-3-1,10,1,0,0,0,34,10,2,7,1,0,799,438,14,5,0,37,57%,2015-12-06,English Premier League,Newcastle United FC,2,0,Liverpool,D,False,2015 - 2016,4
2,2,4-3-3,28,8,0,0,0,30,7,1,4,0,0,838,523,2,3,0,21,63%,2015-12-13,English Premier League,Liverpool,2,2,West Bromwich Albion FC,N,True,2015 - 2016,3
0,0,4-3-2-1,12,4,2,0,0,20,9,10,9,0,0,739,376,7,3,0,29,60%,2015-12-20,English Premier League,Watford,3,0,Liverpool,D,False,2015 - 2016,7
1,1,4-4-2,25,4,3,0,0,23,11,5,7,2,0,785,399,5,6,0,25,61%,2015-12-26,English Premier League,Liverpool,1,0,Leicester City,V,True,2015 - 2016,6
1,1,4-2-3-1,17,6,3,0,0,14,16,0,4,3,0,693,338,2,8,1,28,55%,2015-12-30,English Premier League,AFC Sunderland,0,1,Liverpool,V,False,2015 - 2016,4
0,0,4-4-2,23,1,8,0,0,34,8,3,9,1,0,745,383,17,5,5,26,59%,2016-01-02,English Premier League,West Ham United,2,0,Liverpool,D,False,2015 - 2016,3
3,2,4-2-3-1,22,6,1,0,0,24,9,4,9,2,0,763,416,4,5,0,28,57%,2016-01-13,English Premier League,Liverpool,3,3,Arsenal FC,N,True,2015 - 2016,5
0,0,4-3-3,19,4,0,0,0,20,6,3,5,0,0,721,363,7,7,0,37,52%,2016-01-17,English Premier League,Liverpool,0,1,Manchester United,D,True,2015 - 2016,4
5,3,4-3-2-1,13,7,1,0,0,24,14,4,3,1,0,707,334,13,10,1,23,54,2016-01-23,English Premier League,Norwich City,4,5,Liverpool,V,False,2015 - 2016,3
0,0,4-3-3,14,2,4,0,0,27,7,2,12,1,0,804,431,6,5,1,33,58%,2016-02-02,English Premier League,Leicester City,2,0,Liverpool,D,False,2015 - 2016,3
2,2,4-3-3,16,5,0,0,0,27,4,3,7,1,0,885,568,2,4,0,14,65%,2016-02-06,English Premier League,Liverpool,2,2,AFC Sunderland,N,True,2015 - 2016,4
6,4,4-4-2,11,9,1,0,0,24,9,1,6,1,0,814,538,10,1,0,39,57%,2016-02-14,English Premier League,Aston Villa,0,6,Liverpool,V,False,2015 - 2016,5
3,3,4-2-3-1,11,7,1,0,0,18,14,4,3,0,0,684,353,11,1,1,32,50%,2016-03-02,English Premier League,Liverpool,3,0,Manchester City,V,True,2015 - 2016,6
2,0,4-2-3-1,19,5,3,1,1,25,16,2,6,2,1,811,466,13,10,1,36,59%,2016-03-06,English Premier League,Crystal Palace FC,1,2,Liverpool,V,False,2015 - 2016,4
2,2,4-4-2,18,9,2,0,0,19,13,2,5,3,0,650,363,2,7,0,27,49%,2016-03-20,English Premier League,FC Southampton,3,2,Liverpool,D,False,2015 - 2016,3
1,1,4-2-3-1,15,7,4,0,0,19,11,0,12,2,0,615,240,10,9,0,48,45%,2016-04-02,English Premier League,Liverpool,1,1,Tottenham Hotspur,N,True,2015 - 2016,13
4,4,4-3-3,14,6,2,0,0,23,14,1,6,0,0,684,394,7,3,0,39,52%,2016-04-10,English Premier League,Liverpool,4,1,Stoke City FC,V,True,2015 - 2016,3
2,1,4-2-3-1,19,6,3,0,0,19,9,3,4,0,0,749,395,27,15,1,28,51%,2016-04-17,English Premier League,AFC Bournemouth,1,2,Liverpool,V,False,2015 - 2016,3
4,4,4-2-3-1,37,13,0,0,0,49,8,2,9,1,0,833,522,21,4,0,26,61%,2016-04-20,English Premier League,Liverpool,4,0,Everton FC,V,True,2015 - 2016,3
2,2,4-3-3,13,4,1,0,0,32,8,3,5,1,0,856,492,22,3,1,18,60%,2016-04-23,English Premier League,Liverpool,2,2,Newcastle United FC,N,True,2015 - 2016,3
1,1,4-2-3-1,11,3,6,0,0,16,13,0,7,2,1,721,433,12,8,2,34,51%,2016-05-01,English Premier League,Swansea City,3,1,Liverpool,D,False,2015 - 2016,3
2,2,4-3-3,19,5,3,0,0,23,10,2,8,1,0,756,460,17,5,0,30,62%,2016-05-08,English Premier League,Liverpool,2,0,Watford,V,True,2015 - 2016,3
1,0,4-2-3-1,28,8,6,0,0,29,11,1,7,3,0,780,477,24,5,1,34,54%,2016-05-11,English Premier League,Liverpool,1,1,Chelsea,N,True,2015 - 2016,3
1,1,4-3-3,7,3,0,0,0,14,14,0,5,1,0,829,500,11,6,0,34,61%,2016-05-15,English Premier League,West Bromwich Albion FC,1,1,Liverpool,N,False,2015 - 2016,4
4,3,4-3-3,16,7,2,0,0,14,17,3,4,3,0,1414,354,0,27,0,26,50%,2016-08-14,English Premier League,Arsenal FC,3,4,Liverpool,V,False,2016 - 2017,7
0,0,4-3-3,26,5,0,0,0,38,5,0,12,1,0,2486,734,0,13,0,16,74%,2016-08-20,English Premier League,Burnley FC,2,0,Liverpool,D,False,2016 - 2017,6
1,0,4-3-3,13,3,3,1,1,15,17,6,5,5,0,1268,314,10,30,0,16,48%,2016-08-27,English Premier League,Tottenham Hotspur,1,1,Liverpool,N,False,2016 - 2017,4
4,4,4-3-3,17,11,2,0,0,12,4,3,1,1,0,1627,473,0,24,0,13,60%,2016-09-10,English Premier League,Liverpool,4,1,Leicester City,V,True,2016 - 2017,14
2,1,4-2-3-1,13,5,3,0,0,16,13,2,4,1,0,1391,407,0,20,0,17,45%,2016-09-16,English Premier League,Chelsea,1,2,Liverpool,V,False,2016 - 2017,6
5,3,4-3-3,32,12,0,2,2,28,8,0,13,1,0,2112,680,6,7,0,18,68%,2016-09-24,English Premier League,Liverpool,5,1,Hull City,V,True,2016 - 2017,4
2,1,4-3-3,18,6,2,1,1,45,9,2,10,2,0,1707,465,6,22,0,18,58%,2016-10-01,English Premier League,Swansea City,1,2,Liverpool,V,False,2016 - 2017,7
0,0,4-3-3,9,3,1,0,0,13,14,2,3,0,0,1772,468,8,19,0,22,62%,2016-10-17,English Premier League,Liverpool,0,0,Manchester United,N,True,2016 - 2017,16
2,2,4-3-3,21,7,0,0,0,24,9,3,3,1,0,1863,547,3,19,0,13,62%,2016-10-22,English Premier League,Liverpool,2,1,West Bromwich Albion FC,V,True,2016 - 2017,5
4,4,4-3-3,17,10,4,0,0,21,5,1,3,2,0,1482,397,1,11,0,24,54%,2016-10-29,English Premier League,Crystal Palace FC,2,4,Liverpool,V,False,2016 - 2017,4
6,5,4-3-3,28,17,7,0,0,27,14,1,6,1,0,1469,408,7,13,0,20,55%,2016-11-06,English Premier League,Liverpool,6,1,Watford,V,True,2016 - 2017,8
0,0,4-3-3,15,3,0,0,0,29,11,2,8,1,0,1824,529,6,27,0,14,61%,2016-11-19,English Premier League,FC Southampton,0,0,Liverpool,N,False,2016 - 2017,13
2,1,4-3-3,27,7,1,1,1,48,4,0,9,1,0,2050,590,2,23,0,17,68%,2016-11-26,English Premier League,Liverpool,2,0,AFC Sunderland,V,True,2016 - 2017,7
3,3,4-3-3,10,3,4,0,0,33,17,1,9,2,0,1521,460,5,19,0,15,57%,2016-12-04,English Premier League,AFC Bournemouth,4,3,Liverpool,D,False,2016 - 2017,5
2,1,4-3-3,18,3,1,0,0,50,7,5,11,2,0,1711,500,0,18,0,5,63%,2016-12-11,English Premier League,Liverpool,2,2,West Ham United,N,True,2016 - 2017,7
3,3,4-3-3,15,4,3,0,0,17,14,4,2,0,0,1833,596,7,16,0,19,59%,2016-12-14,English Premier League,Middlesbrough,0,3,Liverpool,V,False,2016 - 2017,3
1,0,4-3-3,11,4,1,0,0,27,9,1,6,1,0,1683,479,9,21,0,17,65%,2016-12-19,English Premier League,Everton FC,0,1,Liverpool,V,False,2016 - 2017,5
4,2,4-3-3,20,6,1,0,0,21,9,0,8,0,0,1765,504,7,15,0,22,60%,2016-12-27,English Premier League,Liverpool,4,1,Stoke City FC,V,True,2016 - 2017,8
1,1,4-3-3,5,1,2,0,0,10,12,2,4,2,0,1198,285,13,26,0,13,46%,2016-12-31,English Premier League,Liverpool,1,0,Manchester City,V,True,2016 - 2017,4
2,1,4-3-3,21,15,3,0,0,28,10,3,5,3,0,2008,600,3,16,0,10,64%,2017-01-02,English Premier League,AFC Sunderland,2,2,Liverpool,N,False,2016 - 2017,2
1,0,4-3-3,13,4,2,1,1,19,13,2,7,3,0,1174,269,0,26,0,25,46%,2017-01-15,English Premier League,Manchester United,1,1,Liverpool,N,False,2016 - 2017,4
2,2,4-3-3,16,5,0,0,0,47,7,2,6,1,0,1997,652,4,15,0,19,68%,2017-01-21,English Premier League,Liverpool,2,3,Swansea City,D,True,2016 - 2017,3
1,0,4-3-3,7,3,1,0,0,30,13,5,3,2,0,1630,487,10,20,0,14,59%,2017-01-31,English Premier League,Liverpool,1,1,Chelsea,N,True,2016 - 2017,3
0,0,4-3-3,22,5,2,0,0,49,12,1,15,1,0,1738,501,2,15,0,10,66%,2017-02-04,English Premier League,Hull City,2,0,Liverpool,D,False,2016 - 2017,4
2,1,4-3-3,18,9,2,0,0,25,14,2,10,3,0,1181,268,12,24,0,11,49%,2017-02-11,English Premier League,Liverpool,2,0,Tottenham Hotspur,V,True,2016 - 2017,7
1,1,4-3-3,17,7,4,0,0,38,5,2,12,0,0,1767,503,8,21,0,19,65%,2017-02-27,English Premier League,Leicester City,3,1,Liverpool,D,False,2016 - 2017,16
3,3,4-3-3,18,7,2,0,0,24,8,5,9,1,0,1259,317,6,18,0,15,52%,2017-03-04,English Premier League,Liverpool,3,1,Arsenal FC,V,True,2016 - 2017,5
2,1,4-3-3,10,3,0,0,0,29,12,3,11,2,0,1447,386,8,13,0,4,63%,2017-03-12,English Premier League,Liverpool,2,1,Burnley FC,V,True,2016 - 2017,8
1,0,4-3-3,13,4,2,1,1,21,7,2,8,3,0,1176,286,7,20,0,16,42%,2017-03-19,English Premier League,Manchester City,1,1,Liverpool,N,False,2016 - 2017,7
3,3,4-3-3,10,6,3,0,0,9,17,1,2,1,0,1392,330,8,23,3,16,54%,2017-04-01,English Premier League,Liverpool,3,1,Everton FC,V,True,2016 - 2017,13
2,2,4-3-3,20,8,0,0,0,33,11,2,7,1,0,1666,465,3,18,3,13,61%,2017-04-05,English Premier League,Liverpool,2,2,AFC Bournemouth,N,True,2016 - 2017,4
2,1,3-5-1-1,14,4,3,0,0,22,11,2,8,2,0,1484,371,7,19,3,19,56%,2017-04-08,English Premier League,Stoke City FC,1,2,Liverpool,V,False,2016 - 2017,3
1,1,4-3-3,15,2,2,0,0,18,9,2,4,1,0,1654,446,8,21,3,14,62%,2017-04-16,English Premier League,West Bromwich Albion FC,0,1,Liverpool,V,False,2016 - 2017,8
1,0,4-3-3,14,1,1,0,0,29,8,0,4,1,0,1813,497,3,12,4,15,69%,2017-04-23,English Premier League,Liverpool,1,2,Crystal Palace FC,D,True,2016 - 2017,7
1,1,4-3-3,12,8,2,0,0,24,9,0,5,1,0,1560,408,8,21,3,7,58%,2017-05-01,English Premier League,Watford,0,1,Liverpool,V,False,2016 - 2017,8
0,0,4-3-3,17,8,0,1,0,21,9,1,3,1,0,1841,475,5,19,3,16,67%,2017-05-07,English Premier League,Liverpool,0,0,FC Southampton,N,True,2016 - 2017,6
4,3,4-3-3,26,11,3,0,0,23,10,3,6,0,0,1808,513,5,7,6,24,63%,2017-05-14,English Premier League,West Ham United,0,4,Liverpool,V,False,2016 - 2017,7
3,2,4-4-2,25,9,3,0,0,21,13,1,3,0,0,2158,649,2,14,6,8,67%,2017-05-21,English Premier League,Liverpool,3,0,Middlesbrough,V,True,2016 - 2017,7
3,2,4-3-3,14,5,1,1,1,16,8,1,3,3,0,1351,370,6,23,1,14,52%,2017-08-12,English Premier League,Watford,3,3,Liverpool,N,False,2017 - 2018,7
2,1,4-3-3,14,8,3,0,0,22,12,1,5,2,0,1076,265,5,15,2,14,0%,2017-08-15,UEFA Champions League,TSG 1899 Hoffenheim,1,2,Liverpool,V,False,2017 - 2018,3
1,0,4-3-3,23,13,1,0,0,30,12,2,4,1,0,1936,623,4,9,6,14,64%,2017-08-19,English Premier League,Liverpool,1,0,Crystal Palace FC,V,True,2017 - 2018,4
4,4,4-3-3,20,10,2,0,0,24,3,2,4,1,0,1338,325,10,23,0,16,0%,2017-08-23,UEFA Champions League,Liverpool,4,2,TSG 1899 Hoffenheim,V,True,2017 - 2018,4
4,3,4-3-3,18,10,0,0,0,20,6,3,4,2,0,1475,438,7,21,2,18,51%,2017-08-27,English Premier League,Liverpool,4,0,Arsenal FC,V,True,2017 - 2018,4
0,0,4-3-3,7,3,5,0,0,11,9,2,3,2,1,1031,317,9,17,5,12,38%,2017-09-09,English Premier League,Manchester City,5,0,Liverpool,D,False,2017 - 2018,13
2,1,4-3-3,24,7,0,1,0,26,14,0,10,3,1,1372,389,6,29,1,21,50%,2017-09-13,UEFA Champions League,Liverpool,2,2,Sevilla FC,N,True,2017 - 2018,4
1,1,4-3-3,35,9,2,0,0,47,7,1,12,1,0,2023,616,1,15,4,5,65%,2017-09-16,English Premier League,Liverpool,1,1,Burnley FC,N,True,2017 - 2018,3
3,2,4-3-3,23,6,5,0,0,18,14,1,6,3,0,1324,365,3,13,2,11,53%,2017-09-23,English Premier League,Leicester City,2,3,Liverpool,V,False,2017 - 2018,4
1,1,4-3-3,17,7,1,0,0,45,11,3,5,2,0,1664,532,7,10,8,13,64%,2017-09-26,UEFA Champions League,Spartak Moscow,1,1,Liverpool,N,False,2017 - 2018,3
1,0,4-3-3,17,2,4,0,0,30,6,2,5,1,0,1776,553,5,11,6,13,65%,2017-10-01,English Premier League,Newcastle United FC,1,1,Liverpool,N,False,2017 - 2018,5
0,0,4-3-3,19,5,1,0,0,34,7,3,7,0,0,1783,540,7,18,1,9,59%,2017-10-14,English Premier League,Liverpool,0,0,Manchester United,N,True,2017 - 2018,13
7,7,4-3-3,28,13,2,0,0,32,11,3,9,0,0,1977,710,3,12,2,9,67%,2017-10-17,UEFA Champions League,NK Maribor,0,7,Liverpool,V,False,2017 - 2018,3
1,1,4-3-3,12,7,1,0,0,33,8,2,5,1,0,1773,563,1,18,5,22,60%,2017-10-22,English Premier League,Tottenham Hotspur,4,1,Liverpool,D,False,2017 - 2018,5
3,2,4-3-3,16,8,0,1,0,27,10,0,9,0,0,1937,696,3,9,4,15,64%,2017-10-28,English Premier League,Liverpool,3,0,Huddersfield Town,V,True,2017 - 2018,6
3,3,4-3-3,23,8,1,1,0,48,7,0,17,0,0,2229,802,3,13,9,6,72%,2017-11-01,UEFA Champions League,Liverpool,3,0,NK Maribor,V,True,2017 - 2018,4
4,2,4-3-3,15,7,0,0,0,10,13,1,3,0,0,1364,402,4,21,4,17,52%,2017-11-04,English Premier League,West Ham United,1,4,Liverpool,V,False,2017 - 2018,3
3,2,4-3-3,21,8,0,0,0,24,15,2,10,1,0,1540,491,1,13,3,13,62%,2017-11-18,English Premier League,Liverpool,3,0,FC Southampton,V,True,2017 - 2018,14
3,3,4-3-3,10,7,2,0,0,15,19,1,7,3,0,898,208,12,22,1,10,32%,2017-11-21,UEFA Champions League,Sevilla FC,3,3,Liverpool,N,False,2017 - 2018,3
1,1,4-3-3,16,4,2,0,0,22,10,0,7,0,0,1668,535,9,22,3,15,55%,2017-11-25,English Premier League,Liverpool,1,1,Chelsea,N,True,2017 - 2018,4
3,2,4-3-3,14,7,1,0,0,21,10,2,9,5,0,1500,463,4,25,2,9,58%,2017-11-29,English Premier League,Stoke City FC,0,3,Liverpool,V,False,2017 - 2018,4
5,3,4-3-3,12,6,1,0,0,14,7,2,2,0,0,1799,600,8,12,2,8,56%,2017-12-02,English Premier League,Brighton & Hove Albion,1,5,Liverpool,V,False,2017 - 2018,3
7,5,4-3-3,17,10,4,1,1,15,16,2,3,1,0,1538,499,7,22,3,17,54%,2017-12-06,UEFA Champions League,Liverpool,7,0,Spartak Moscow,V,True,2017 - 2018,4
1,1,4-3-3,23,3,1,0,0,52,8,1,12,1,0,2176,674,1,16,5,9,79%,2017-12-10,English Premier League,Liverpool,1,1,Everton FC,N,True,2017 - 2018,4
0,0,4-3-3,13,4,1,0,0,21,16,1,5,1,0,2204,642,2,19,9,19,64%,2017-12-13,English Premier League,Liverpool,0,0,West Bromwich Albion FC,N,True,2017 - 2018,3
4,4,4-3-3,21,7,2,0,0,21,10,4,3,1,0,1741,600,3,21,4,10,55%,2017-12-17,English Premier League,AFC Bournemouth,0,4,Liverpool,V,False,2017 - 2018,4
3,2,4-2-3-1,14,9,1,0,0,27,11,1,8,0,0,1226,351,12,22,8,16,49%,2017-12-22,English Premier League,Arsenal FC,3,3,Liverpool,N,False,2017 - 2018,5
5,3,4-3-3,22,9,4,0,0,24,5,3,4,0,0,1727,540,6,15,4,13,58%,2017-12-26,English Premier League,Liverpool,5,0,Swansea City,V,True,2017 - 2018,4
2,2,4-3-3,17,6,0,0,0,28,7,5,7,3,0,1616,491,4,19,4,14,62%,2017-12-30,English Premier League,Liverpool,2,1,Leicester City,V,True,2017 - 2018,4
2,1,4-3-3,18,5,3,0,0,27,12,2,9,0,0,1593,447,2,19,6,10,61%,2018-01-01,English Premier League,Burnley FC,1,2,Liverpool,V,False,2017 - 2018,2
4,3,4-3-3,16,7,1,0,0,17,10,3,5,2,0,1138,304,6,22,4,26,39%,2018-01-14,English Premier League,Liverpool,4,3,Manchester City,V,True,2017 - 2018,9
0,0,4-3-3,21,4,1,0,0,34,9,1,9,2,0,2010,683,0,8,8,14,70%,2018-01-22,English Premier League,Swansea City,1,0,Liverpool,D,False,2017 - 2018,8
3,1,4-3-3,14,7,1,1,1,23,8,2,4,0,0,2234,834,2,9,6,10,74%,2018-01-30,English Premier League,Huddersfield Town,0,3,Liverpool,V,False,2017 - 2018,3
2,0,4-3-3,9,3,4,0,0,18,15,2,3,3,0,948,210,3,27,7,8,40%,2018-02-04,English Premier League,Liverpool,2,2,Tottenham Hotspur,N,True,2017 - 2018,5
2,2,4-3-3,16,4,4,0,0,10,8,0,1,2,0,1348,411,3,14,4,10,48%,2018-02-11,English Premier League,FC Southampton,0,2,Liverpool,V,False,2017 - 2018,7
5,5,4-3-3,13,6,2,0,0,13,10,1,1,0,0,1428,532,1,19,4,22,52%,2018-02-14,UEFA Champions League,FC Porto,0,5,Liverpool,V,False,2017 - 2018,3
4,4,4-3-3,21,12,3,0,0,35,7,1,8,0,0,1834,641,3,10,8,26,61%,2018-02-24,English Premier League,Liverpool,4,1,West Ham United,V,True,2017 - 2018,10
2,2,4-3-3,14,3,2,0,0,20,7,4,8,0,0,1893,685,3,16,5,8,66%,2018-03-03,English Premier League,Liverpool,2,0,Newcastle United FC,V,True,2017 - 2018,7
0,0,4-3-3,13,5,1,0,0,26,11,5,1,1,0,1957,723,5,16,2,19,62%,2018-03-06,UEFA Champions League,Liverpool,0,0,FC Porto,N,True,2017 - 2018,3
1,0,4-3-3,14,2,0,0,0,37,16,0,13,1,0,1776,513,3,9,3,19,62%,2018-03-10,English Premier League,Manchester United,2,1,Liverpool,D,False,2017 - 2018,4
5,4,4-3-3,13,10,1,0,0,26,5,6,6,1,0,1537,507,6,21,4,19,56%,2018-03-17,English Premier League,Liverpool,5,0,Watford,V,True,2017 - 2018,7
2,2,4-3-3,16,6,2,0,0,39,8,1,6,2,0,1729,587,3,12,5,14,63%,2018-03-31,English Premier League,Crystal Palace FC,1,2,Liverpool,V,False,2017 - 2018,14
3,3,4-3-3,8,4,0,0,0,16,6,3,0,1,0,1112,290,2,34,0,22,35%,2018-04-04,UEFA Champions League,Liverpool,3,0,Manchester City,V,True,2017 - 2018,4
0,0,4-3-3,10,3,1,0,0,18,7,1,2,0,0,1529,486,3,20,2,10,61%,2018-04-07,English Premier League,Everton FC,0,0,Liverpool,N,False,2017 - 2018,3
2,0,4-3-3,5,3,2,0,0,7,7,0,2,4,0,883,224,13,29,4,10,31%,2018-04-10,UEFA Champions League,Manchester City,1,2,Liverpool,V,False,2017 - 2018,3
3,2,4-3-3,20,7,1,0,0,30,9,4,7,1,0,1710,551,3,13,7,17,61%,2018-04-14,English Premier League,Liverpool,3,0,AFC Bournemouth,V,True,2017 - 2018,4
2,2,4-3-3,9,3,4,0,0,19,5,2,4,1,0,1646,498,0,33,5,7,60%,2018-04-21,English Premier League,West Bromwich Albion FC,2,2,Liverpool,N,False,2017 - 2018,7
5,5,4-3-3,20,11,4,0,0,31,13,5,7,3,0,1319,366,13,20,10,13,50%,2018-04-24,UEFA Champions League,Liverpool,5,2,AS Roma,V,True,2017 - 2018,3
0,0,4-3-3,20,2,1,0,0,38,7,2,9,1,0,1753,542,4,18,6,6,70%,2018-04-28,English Premier League,Liverpool,0,0,Stoke City FC,N,True,2017 - 2018,4
2,1,4-3-3,11,5,3,0,0,10,14,5,3,3,0,1092,273,10,22,3,7,42%,2018-05-02,UEFA Champions League,AS Roma,4,2,Liverpool,D,False,2017 - 2018,4
0,0,4-3-3,10,5,3,0,0,30,9,0,1,3,0,1986,711,7,12,6,13,63%,2018-05-06,English Premier League,Chelsea,1,0,Liverpool,D,False,2017 - 2018,4
4,2,4-3-3,22,11,1,0,0,27,3,1,7,0,0,2025,676,4,11,3,6,66%,2018-05-13,English Premier League,Liverpool,4,0,Brighton & Hove Albion,V,True,2017 - 2018,7
1,1,4-3-3,12,2,2,0,0,24,18,3,5,1,0,986,266,7,18,3,20,38%,2018-05-26,UEFA Champions League,Real Madrid CF,3,1,Liverpool,D,False,2017 - 2018,13
4,3,4-3-3,18,8,2,0,0,33,14,5,5,1,0,1873,628,8,19,5,11,61%,2018-08-12,English Premier League,Liverpool,4,0,West Ham United,V,True,2018 - 2019,5
2,1,4-3-3,16,6,2,1,1,28,13,2,7,1,0,1755,585,6,15,5,16,59%,2018-08-20,English Premier League,Crystal Palace FC,0,2,Liverpool,V,False,2018 - 2019,8
1,1,4-3-3,22,8,2,0,0,32,8,1,8,1,0,2038,680,2,13,3,16,69%,2018-08-25,English Premier League,Liverpool,1,0,Brighton & Hove Albion,V,True,2018 - 2019,5
2,2,4-3-3,10,4,4,0,0,12,12,2,4,2,0,1347,410,7,17,4,13,50%,2018-09-01,English Premier League,Leicester City,1,2,Liverpool,V,False,2018 - 2019,7
2,0,4-3-3,17,10,2,0,0,15,16,2,4,0,0,1085,294,8,18,3,13,42%,2018-09-15,English Premier League,Tottenham Hotspur,1,2,Liverpool,V,False,2018 - 2019,14
3,1,4-3-3,17,8,3,1,1,46,14,1,13,1,0,1535,468,9,9,3,15,53%,2018-09-18,UEFA Champions League,Liverpool,3,2,Paris Saint,V,True,2018 - 2019,3
3,1,4-2-3-1,12,4,1,0,0,23,7,4,5,0,0,1924,681,4,14,5,11,57%,2018-09-22,English Premier League,Liverpool,3,0,FC Southampton,V,True,2018 - 2019,4
1,1,4-3-3,13,6,3,0,0,22,8,2,4,2,0,1665,553,8,18,3,14,54%,2018-09-29,English Premier League,Chelsea,1,1,Liverpool,N,False,2018 - 2019,3
0,0,4-3-3,4,0,3,0,0,13,9,1,1,1,0,1424,450,6,14,2,14,46%,2018-10-03,UEFA Champions League,SSC Napoli,1,0,Liverpool,D,False,2018 - 2019,4
0,0,4-3-3,7,2,2,0,0,21,10,2,2,1,0,1514,467,9,19,4,16,51%,2018-10-07,English Premier League,Liverpool,0,0,Manchester City,N,True,2018 - 2019,4
1,1,4-3-3,11,2,1,0,0,20,6,2,4,2,0,1542,499,9,25,3,11,51%,2018-10-20,English Premier League,Huddersfield Town,0,1,Liverpool,V,False,2018 - 2019,13
4,3,4-3-3,22,12,0,1,1,26,10,4,4,0,0,1745,569,6,15,3,17,59%,2018-10-24,UEFA Champions League,Liverpool,4,0,Crvena Zvezda,V,True,2018 - 2019,4
4,2,4-2-3-1,19,7,0,0,0,32,6,0,8,0,0,2301,776,5,14,0,13,74%,2018-10-27,English Premier League,Liverpool,4,1,Cardiff City,V,True,2018 - 2019,3
1,0,4-3-3,13,4,3,0,0,24,7,1,8,1,0,1083,300,5,24,5,11,41%,2018-11-03,English Premier League,Arsenal FC,1,1,Liverpool,N,False,2018 - 2019,7
0,0,4-3-3,22,3,2,0,0,41,9,4,9,1,0,1647,536,1,9,6,6,65%,2018-11-06,UEFA Champions League,Crvena Zvezda,2,0,Liverpool,D,False,2018 - 2019,3
2,2,4-3-3,20,7,3,0,0,28,11,2,6,1,0,1925,667,3,17,3,12,67%,2018-11-11,English Premier League,Liverpool,2,0,Fulham FC,V,True,2018 - 2019,5
3,1,4-2-3-1,10,7,1,0,0,22,13,4,5,0,1,1673,559,15,16,4,9,61%,2018-11-24,English Premier League,Watford,0,3,Liverpool,V,False,2018 - 2019,13
1,0,4-3-3,7,1,6,1,1,28,20,1,5,6,0,1455,476,2,18,4,19,54%,2018-11-28,UEFA Champions League,Paris Saint,2,1,Liverpool,D,False,2018 - 2019,4
1,0,4-2-3-1,16,4,3,0,0,28,12,1,8,3,0,1474,452,3,15,3,11,57%,2018-12-02,English Premier League,Liverpool,1,0,Everton FC,V,True,2018 - 2019,4
3,3,4-4-2,18,12,5,0,0,28,3,3,9,0,0,1781,603,3,12,8,7,67%,2018-12-05,English Premier League,Burnley FC,1,3,Liverpool,V,False,2018 - 2019,3
4,2,4-4-2,10,4,2,0,0,17,11,2,6,1,0,1656,561,7,28,2,7,58%,2018-12-08,English Premier League,AFC Bournemouth,0,4,Liverpool,V,False,2018 - 2019,3
1,1,4-3-3,23,5,3,0,0,24,16,5,3,4,0,1423,440,9,21,5,8,49%,2018-12-11,UEFA Champions League,Liverpool,1,0,SSC Napoli,V,True,2018 - 2019,3
3,1,4-3-3,36,11,1,0,0,33,6,2,13,0,0,1692,480,5,16,3,12,61%,2018-12-16,English Premier League,Liverpool,3,1,Manchester United,V,True,2018 - 2019,5
2,2,4-2-3-1,15,6,5,0,0,18,3,2,10,0,0,1789,623,11,24,5,8,60%,2018-12-21,English Premier League,Wolverhampton Wanderers FC,0,2,Liverpool,V,False,2018 - 2019,5
4,2,4-2-3-1,16,8,2,1,1,38,7,1,10,0,0,1849,659,8,14,7,11,67%,2018-12-26,English Premier League,Liverpool,4,0,Newcastle United FC,V,True,2018 - 2019,5
5,1,4-2-3-1,15,10,1,2,2,11,8,2,5,1,0,1296,438,14,24,4,10,45%,2018-12-29,English Premier League,Liverpool,5,1,Arsenal FC,V,True,2018 - 2019,3
1,1,4-3-3,7,5,2,0,0,20,7,1,1,2,0,1419,499,7,16,3,11,48%,2019-01-03,English Premier League,Manchester City,2,1,Liverpool,D,False,2018 - 2019,5
1,0,4-2-3-1,10,3,0,1,1,22,5,0,7,0,0,1868,664,8,11,6,13,67%,2019-01-12,English Premier League,Brighton & Hove Albion,0,1,Liverpool,V,False,2018 - 2019,5
4,2,4-2-3-1,19,9,0,0,0,37,6,1,8,0,1,2031,665,4,21,5,10,64%,2019-01-19,English Premier League,Liverpool,4,3,Crystal Palace FC,V,True,2018 - 2019,7
1,0,4-2-3-1,10,3,1,0,0,35,13,4,7,1,0,2085,729,7,14,3,6,67%,2019-01-30,English Premier League,Liverpool,1,1,Leicester City,N,True,2018 - 2019,11
1,1,4-3-3,11,6,1,0,0,22,11,3,5,1,0,1867,618,3,13,6,15,65%,2019-02-04,English Premier League,West Ham United,1,1,Liverpool,N,False,2018 - 2019,5
3,3,4-3-3,20,9,2,0,0,21,14,1,8,2,0,2025,662,9,26,3,20,64%,2019-02-09,English Premier League,Liverpool,3,0,AFC Bournemouth,V,True,2018 - 2019,5
0,0,4-3-3,16,2,1,0,0,25,10,1,5,1,0,1385,431,9,17,1,13,47%,2019-02-19,UEFA Champions League,Liverpool,0,0,FC Bayern Munich,N,True,2018 - 2019,10
0,0,4-3-3,7,1,3,0,0,34,17,1,7,3,0,1636,505,7,14,6,11,62%,2019-02-24,English Premier League,Manchester United,0,0,Liverpool,N,False,2018 - 2019,5
5,5,4-3-3,19,10,3,0,0,32,5,1,6,0,0,1719,558,8,18,4,17,58%,2019-02-27,English Premier League,Liverpool,5,0,Watford,V,True,2018 - 2019,3
0,0,4-3-3,10,3,3,0,0,28,10,4,7,2,0,1284,387,14,13,8,9,53%,2019-03-03,English Premier League,Everton FC,0,0,Liverpool,N,False,2018 - 2019,4
4,1,4-3-3,23,5,0,0,0,30,4,2,7,2,0,1696,563,6,16,5,16,63%,2019-03-10,English Premier League,Liverpool,4,2,Burnley FC,V,True,2018 - 2019,7
3,3,4-3-3,9,6,1,0,0,19,14,2,7,3,0,1182,350,6,16,4,18,42%,2019-03-13,UEFA Champions League,FC Bayern Munich,1,3,Liverpool,V,False,2018 - 2019,3
2,1,4-3-3,16,6,1,1,1,42,7,1,10,1,0,1647,532,8,16,4,8,61%,2019-03-17,English Premier League,Fulham FC,1,2,Liverpool,V,False,2018 - 2019,4
2,1,4-3-3,14,3,1,0,0,28,5,2,10,0,0,1232,386,5,24,1,6,48%,2019-03-31,English Premier League,Liverpool,2,1,Tottenham Hotspur,V,True,2018 - 2019,14
3,3,4-3-3,17,5,0,0,0,35,7,3,5,4,0,1532,509,3,11,4,14,63%,2019-04-05,English Premier League,FC Southampton,1,3,Liverpool,V,False,2018 - 2019,5
2,2,4-3-3,14,3,3,0,0,20,9,4,4,0,0,1788,569,3,22,7,16,59%,2019-04-09,UEFA Champions League,Liverpool,2,0,FC Porto,V,True,2018 - 2019,4
2,2,4-3-3,15,7,3,0,0,33,5,2,9,0,0,1849,589,11,15,3,15,61%,2019-04-14,English Premier League,Liverpool,2,0,Chelsea,V,True,2018 - 2019,5
4,4,4-3-3,11,5,7,0,0,12,13,2,3,1,0,1218,354,9,27,7,13,47%,2019-04-17,UEFA Champions League,FC Porto,1,4,Liverpool,V,False,2018 - 2019,3
2,1,4-3-3,17,6,2,1,1,24,5,2,10,1,0,1776,584,6,18,2,9,71%,2019-04-21,English Premier League,Cardiff City,0,2,Liverpool,V,False,2018 - 2019,4
5,5,4-3-3,21,7,1,0,0,20,5,2,4,0,0,1997,668,10,14,4,11,68%,2019-04-26,English Premier League,Liverpool,5,0,Huddersfield Town,V,True,2018 - 2019,5
0,0,4-3-3,14,3,2,0,0,31,15,1,5,1,0,1479,482,11,11,7,9,52%,2019-05-01,UEFA Champions League,FC Barcelona,3,0,Liverpool,D,False,2018 - 2019,5
3,3,4-3-3,11,4,4,0,0,22,4,2,3,1,0,1713,601,4,17,8,7,64%,2019-05-04,English Premier League,Newcastle United FC,2,3,Liverpool,V,False,2018 - 2019,3
4,3,4-3-3,13,7,5,0,0,33,12,1,7,2,0,1222,362,13,21,5,12,46%,2019-05-07,UEFA Champions League,Liverpool,4,0,FC Barcelona,V,True,2018 - 2019,3
2,1,4-3-3,13,5,2,0,0,20,3,3,4,0,0,1699,540,3,15,4,9,59%,2019-05-12,English Premier League,Liverpool,2,0,Wolverhampton Wanderers FC,V,True,2018 - 2019,5
2,1,4-3-3,14,3,8,1,1,19,6,2,9,0,0,796,197,8,11,6,12,38%,2019-06-01,UEFA Champions League,Tottenham Hotspur,0,2,Liverpool,V,False,2018 - 2019,20
4,3,4-3-3,15,7,4,0,0,45,9,0,11,0,0,1365,408,4,18,6,18,55%,2019-08-09,English Premier League,Liverpool,4,1,Norwich City,V,True,2019 - 2020,9
2,2,4-3-3,15,6,2,0,0,31,6,1,9,1,0,1361,433,5,18,5,10,61%,2019-08-17,English Premier League,FC Southampton,1,2,Liverpool,V,False,2019 - 2020,8
3,2,4-3-3,25,5,2,1,1,36,8,1,6,1,0,1548,498,7,18,2,11,51%,2019-08-24,English Premier League,Liverpool,3,1,Arsenal FC,V,True,2019 - 2020,7
3,2,4-3-3,15,7,2,0,0,23,15,1,4,0,0,1461,438,5,20,6,8,61%,2019-08-31,English Premier League,Burnley FC,0,3,Liverpool,V,False,2019 - 2020,7
3,2,4-3-3,21,9,0,0,0,49,5,2,10,0,0,2163,769,3,11,1,10,70%,2019-09-14,English Premier League,Liverpool,3,1,Newcastle United FC,V,True,2019 - 2020,14
0,0,4-3-3,12,4,3,0,0,15,10,1,6,2,0,1504,520,5,25,1,20,51%,2019-09-17,UEFA Champions League,SSC Napoli,2,0,Liverpool,D,False,2019 - 2020,3
2,2,4-3-3,6,3,1,0,0,15,13,1,4,3,0,1071,322,7,15,4,12,45%,2019-09-22,English Premier League,Chelsea,1,2,Liverpool,V,False,2019 - 2020,5
1,0,4-3-3,16,4,2,0,0,28,4,1,5,1,0,1774,607,7,18,3,10,65%,2019-09-28,English Premier League,Sheffield United FC,0,1,Liverpool,V,False,2019 - 2020,3
4,4,4-3-3,11,5,2,0,0,21,7,1,6,1,0,1935,694,7,18,3,10,67%,2019-10-02,UEFA Champions League,Liverpool,4,3,Red Bull Salzburg,V,True,2019 - 2020,4
2,1,4-3-3,18,8,0,1,1,23,9,3,4,1,0,1345,414,12,17,5,10,51%,2019-10-05,English Premier League,Liverpool,2,1,Leicester City,V,True,2019 - 2020,3
1,1,4-3-3,10,4,1,0,0,32,14,1,1,1,0,1699,554,3,27,4,8,62%,2019-10-20,English Premier League,Manchester United,1,1,Liverpool,N,False,2019 - 2020,15
4,4,4-3-3,16,7,3,0,0,31,14,2,7,1,0,2050,712,1,20,6,10,68%,2019-10-23,UEFA Champions League,KRC Genk,1,4,Liverpool,V,False,2019 - 2020,3
2,0,4-3-3,21,13,3,1,1,48,9,0,8,3,0,1670,538,4,16,6,14,63%,2019-10-27,English Premier League,Liverpool,2,1,Tottenham Hotspur,V,True,2019 - 2020,4
2,2,4-3-3,25,6,1,0,0,47,9,2,10,2,0,1755,575,4,20,2,14,65%,2019-11-02,English Premier League,Aston Villa,1,2,Liverpool,V,False,2019 - 2020,6
2,1,4-3-3,27,8,2,0,0,30,10,3,9,0,0,2036,716,7,9,3,12,64%,2019-11-05,UEFA Champions League,Liverpool,2,1,KRC Genk,V,True,2019 - 2020,3
3,2,4-3-3,12,5,2,0,0,19,10,3,4,0,0,1217,346,5,24,1,9,47%,2019-11-10,English Premier League,Liverpool,3,1,Manchester City,V,True,2019 - 2020,5
2,1,4-3-3,12,4,5,0,0,30,7,0,8,1,0,1383,434,1,22,9,16,54%,2019-11-23,English Premier League,Crystal Palace FC,1,2,Liverpool,V,False,2019 - 2020,13
1,1,4-3-3,14,4,0,0,0,49,15,0,10,2,0,2029,687,4,20,7,8,66%,2019-11-27,UEFA Champions League,Liverpool,1,1,SSC Napoli,N,True,2019 - 2020,4
2,2,4-3-3,15,7,4,0,0,18,3,1,4,0,1,1170,383,10,22,4,9,46%,2019-11-30,English Premier League,Liverpool,2,1,Brighton & Hove Albion,V,True,2019 - 2020,3
5,5,4-3-3,11,5,2,0,0,16,13,3,5,1,0,1301,419,1,12,5,13,57%,2019-12-04,English Premier League,Liverpool,5,2,Everton FC,V,True,2019 - 2020,4
3,3,4-3-3,21,9,0,0,0,34,6,1,3,1,0,2150,769,4,8,3,9,70%,2019-12-07,English Premier League,AFC Bournemouth,0,3,Liverpool,V,False,2019 - 2020,3
2,1,4-3-3,22,7,5,0,0,20,4,1,4,1,0,1626,504,9,19,4,9,57%,2019-12-10,UEFA Champions League,Red Bull Salzburg,0,2,Liverpool,V,False,2019 - 2020,3
2,2,4-2-3-1,16,6,2,0,0,23,8,5,6,2,0,1665,540,2,7,6,8,62%,2019-12-14,English Premier League,Liverpool,2,0,Watford,V,True,2019 - 2020,4
4,3,4-3-3,15,6,0,1,1,34,7,3,8,1,0,1621,523,2,16,3,11,58%,2019-12-26,English Premier League,Leicester City,0,4,Liverpool,V,False,2019 - 2020,5
1,1,4-3-3,10,3,2,0,0,20,7,2,5,1,0,1686,546,4,19,2,11,59%,2019-12-29,English Premier League,Liverpool,1,0,Wolverhampton Wanderers FC,V,True,2019 - 2020,3
2,1,4-3-3,19,7,2,0,0,33,5,1,8,0,0,2437,891,6,6,4,8,71%,2020-01-02,English Premier League,Liverpool,2,0,Sheffield United FC,V,True,2019 - 2020,4
1,1,4-3-3,13,7,4,0,0,27,8,2,3,2,0,1977,685,8,17,11,17,62%,2020-01-11,English Premier League,Tottenham Hotspur,0,1,Liverpool,V,False,2019 - 2020,6
2,2,4-3-3,16,5,4,0,0,29,7,2,11,1,0,1405,410,4,14,7,11,54%,2020-01-19,English Premier League,Liverpool,2,0,Manchester United,V,True,2019 - 2020,8
2,2,4-3-3,13,6,2,0,0,12,11,0,4,1,0,1560,513,1,13,2,15,51%,2020-01-23,English Premier League,Wolverhampton Wanderers FC,1,2,Liverpool,V,False,2019 - 2020,4
2,1,4-3-3,13,5,4,1,1,21,6,0,7,0,0,1947,728,2,14,5,6,64%,2020-01-29,English Premier League,West Ham United,0,2,Liverpool,V,False,2019 - 2020,3
4,4,4-3-3,16,9,4,0,0,15,9,2,6,0,0,1388,415,4,21,4,8,57%,2020-02-01,English Premier League,Liverpool,4,0,FC Southampton,V,True,2019 - 2020,3
1,1,4-3-3,17,6,1,0,0,35,11,0,7,2,0,1700,560,4,14,3,10,60%,2020-02-15,English Premier League,Norwich City,0,1,Liverpool,V,False,2019 - 2020,11
0,0,4-3-3,6,0,1,0,0,33,13,1,7,3,0,1930,640,1,10,1,11,68%,2020-02-18,UEFA Champions League,Atletico de Madrid,1,0,Liverpool,D,False,2019 - 2020,3
3,3,4-3-3,25,7,2,0,0,41,4,2,16,0,0,1825,552,2,15,3,11,65%,2020-02-24,English Premier League,Liverpool,3,2,West Ham United,V,True,2019 - 2020,6
0,0,4-3-3,7,1,2,0,0,32,8,1,5,0,0,1848,596,4,18,4,4,64%,2020-02-29,English Premier League,Watford,3,0,Liverpool,D,False,2019 - 2020,5
2,2,4-3-3,14,6,2,0,0,36,10,1,9,0,0,1878,637,4,12,1,7,69%,2020-03-07,English Premier League,Liverpool,2,1,AFC Bournemouth,V,True,2019 - 2020,4
2,1,4-3-3,35,12,3,0,0,72,18,2,16,1,0,2381,764,10,16,6,15,66%,2020-03-11,UEFA Champions League,Liverpool,2,3,Atletico de Madrid,D,True,2019 - 2020,4
0,0,4-3-3,10,3,3,0,0,8,12,1,6,2,0,733,639,2,9,3,20,70,2020-06-21,English Premier League,Everton FC,0,0,Liverpool,N,False,2019 - 2020,102
4,3,4-3-3,21,7,0,0,0,18,9,0,6,0,0,1025,929,4,8,0,15,73,2020-06-24,English Premier League,Liverpool,4,0,Crystal Palace,V,True,2019 - 2020,3
0,0,4-3-3,11,3,2,0,0,21,7,2,3,2,0,1392,469,6,13,6,11,49%,2020-07-02,English Premier League,Manchester City,4,0,Liverpool,D,False,2019 - 2020,8
2,2,4-3-3,6,4,3,0,0,32,18,1,7,1,0,1789,585,3,8,5,9,65%,2020-07-05,English Premier League,Liverpool,2,0,Aston Villa,V,True,2019 - 2020,3
3,3,4-3-3,19,8,1,0,0,32,15,0,10,4,0,1371,431,3,17,3,8,53%,2020-07-08,English Premier League,Brighton & Hove Albion,1,3,Liverpool,V,False,2019 - 2020,3
1,1,4-3-3,23,9,1,0,0,36,7,2,11,1,0,1968,600,6,12,5,5,66%,2020-07-11,English Premier League,Liverpool,1,1,Burnley FC,N,True,2019 - 2020,3
1,1,4-3-3,24,8,0,0,0,36,10,4,13,1,0,1706,558,6,15,5,7,64%,2020-07-15,English Premier League,Arsenal FC,2,1,Liverpool,D,False,2019 - 2020,4
5,3,4-3-3,10,7,2,0,0,14,8,0,6,1,0,1356,484,2,10,2,7,49%,2020-07-22,English Premier League,Liverpool,5,3,Chelsea,V,True,2019 - 2020,7
3,3,4-3-3,14,6,1,0,0,18,5,1,4,0,0,2059,732,2,9,2,4,68%,2020-07-26,English Premier League,Newcastle United FC,1,3,Liverpool,V,False,2019 - 2020,4
